<?xml version="1.0" encoding="UTF-8"?>
<project-private xmlns="http://www.netbeans.org/ns/project-private/1">
    <editor-bookmarks xmlns="http://www.netbeans.org/ns/editor-bookmarks/2" lastBookmarkId="0"/>
    <open-files xmlns="http://www.netbeans.org/ns/projectui-open-files/2">
        <group>
            <file>file:/D:/UNIVERSITET/Obyektga%20yo'naltirilgan%20dasturlash%20tili(JAVA)/My_Project/src/Login/Main_Page.java</file>
            <file>file:/D:/UNIVERSITET/Obyektga%20yo'naltirilgan%20dasturlash%20tili(JAVA)/My_Project/src/my_project/My_Project.java</file>
            <file>file:/D:/UNIVERSITET/Obyektga%20yo'naltirilgan%20dasturlash%20tili(JAVA)/My_Project/src/Login/Login_Page.java</file>
        </group>
    </open-files>
</project-private>
